{"preloader_enable":"1","edrio_preloader_text":"edrio","preloader-text-color":"","scroll_up_btn":"1","scroll-up-bg":"","scroll-up-hover-bg":"","header_style":"1729","body-typography":{"font-family":"","font-weight":"","font-style":"","subset":"","text-align":"","text-transform":"","font-size":"","line-height":"","letter-spacing":"","color":"","type":"","unit":"px"},"heading-gl-typo":{"font-family":"","font-weight":"","font-style":"","subset":"","text-align":"","text-transform":"","font-size":"","line-height":"","letter-spacing":"","color":"","type":"","unit":"px"},"breadcrumb_bg":{"url":"","id":"","width":"","height":"","thumbnail":"","alt":"","title":"","description":""},"blog_btn_text":"Explore More","theme-color-1":"","breadcrumb_bg_img":{"url":"","id":"","width":"","height":"","thumbnail":"","alt":"","title":"","description":""},"error_code_img":{"url":"","id":"","width":"","height":"","thumbnail":"","alt":"","title":"","description":""},"error_title":"Oops!","error_code":"404 Error!","error_button":"back to Home page ","footer_style":"1797"}